<?xml version="1.0" encoding="UTF-8" ?>
<!DOCTYPE configuration
  PUBLIC "-//mybatis.org//DTD Config 3.0//EN"
  "http://mybatis.org/dtd/mybatis-3-config.dtd">

<configuration>
    <environments default="source">
        <!-- SOURCE DB -->
        <environment id="source">
            <transactionManager type="JDBC" />
            <dataSource type="POOLED">
                <property name="driver" value="org.h2.Driver" />
                <property name="url" value="jdbc:h2:mem:sourceDB;MODE=Oracle;DB_CLOSE_DELAY=-1" />
                <property name="username" value="sa" />
                <property name="password" value="" />
            </dataSource>
        </environment>

        <!-- TARGET DB -->
        <environment id="target">
            <transactionManager type="JDBC" />
            <dataSource type="POOLED">
                <property name="driver" value="org.h2.Driver" />
                <property name="url" value="jdbc:h2:mem:targetDB;MODE=Oracle;DB_CLOSE_DELAY=-1" />
                <property name="username" value="sa" />
                <property name="password" value="" />
            </dataSource>
        </environment>
    </environments>
</configuration>
